2025-11-30T05:32:56.739427+06:00,ONLINE
2025-11-30T05:46:44.271427+06:00,ONLINE
2025-11-30T06:08:07.798211+06:00,ONLINE
2025-11-30T06:44:24.338224+06:00,ONLINE
2025-11-30T07:14:30.112190+06:00,ONLINE
2025-11-30T07:57:55.983747+06:00,ONLINE
2025-11-30T08:44:51.331458+06:00,ONLINE
2025-11-30T09:18:02.205924+06:00,ONLINE
2025-11-30T09:50:00.456636+06:00,ONLINE
2025-11-30T10:12:33.994899+06:00,OFFLINE
2025-11-30T10:27:15.436975+06:00,OFFLINE
2025-11-30T10:43:40.586866+06:00,OFFLINE
2025-11-30T10:55:00.775762+06:00,OFFLINE
2025-11-30T11:02:32.484793+06:00,OFFLINE
2025-11-30T11:21:55.875536+06:00,OFFLINE
2025-11-30T11:35:39.715183+06:00,OFFLINE
2025-11-30T11:47:46.513027+06:00,ERROR
2025-11-30T12:02:59.221154+06:00,ONLINE
2025-11-30T12:23:34.120997+06:00,OFFLINE
2025-11-30T12:41:29.014471+06:00,OFFLINE
2025-11-30T12:52:13.109892+06:00,OFFLINE
2025-11-30T13:02:37.808370+06:00,OFFLINE
2025-11-30T13:21:29.664827+06:00,ONLINE
2025-11-30T13:32:14.862064+06:00,OFFLINE
2025-11-30T13:46:59.766048+06:00,OFFLINE
2025-11-30T14:02:50.072980+06:00,ONLINE
2025-11-30T14:22:38.533519+06:00,OFFLINE
2025-11-30T14:36:36.836075+06:00,OFFLINE
2025-11-30T14:48:22.332380+06:00,ONLINE
2025-11-30T15:02:41.011327+06:00,ONLINE
2025-11-30T15:21:32.334840+06:00,ONLINE
2025-11-30T15:33:27.273898+06:00,ERROR
2025-11-30T15:46:46.583092+06:00,OFFLINE
2025-11-30T16:02:38.286301+06:00,ONLINE
2025-11-30T16:21:47.793958+06:00,OFFLINE
2025-11-30T16:35:39.839173+06:00,OFFLINE
2025-11-30T16:46:55.535622+06:00,OFFLINE
2025-11-30T17:02:35.558319+06:00,OFFLINE
2025-11-30T17:20:54.949561+06:00,OFFLINE
2025-11-30T17:32:10.619054+06:00,OFFLINE
2025-11-30T17:46:38.671936+06:00,OFFLINE
2025-11-30T18:03:12.689672+06:00,OFFLINE
2025-11-30T18:23:50.301937+06:00,OFFLINE
2025-11-30T18:44:19.739961+06:00,OFFLINE
2025-11-30T19:00:00.390515+06:00,OFFLINE
2025-11-30T19:14:23.859183+06:00,OFFLINE
2025-11-30T19:27:54.407610+06:00,OFFLINE
2025-11-30T19:38:21.613069+06:00,OFFLINE
2025-11-30T19:47:04.447212+06:00,OFFLINE
2025-11-30T20:02:42.194672+06:00,OFFLINE
2025-11-30T20:21:19.245813+06:00,OFFLINE
2025-11-30T20:34:37.892794+06:00,OFFLINE
2025-11-30T20:47:01.399194+06:00,OFFLINE
2025-11-30T21:02:42.019049+06:00,OFFLINE
2025-11-30T21:21:44.649710+06:00,OFFLINE
2025-11-30T21:33:43.253527+06:00,OFFLINE
2025-11-30T21:46:53.875341+06:00,OFFLINE
2025-11-30T22:02:51.393964+06:00,ONLINE
2025-11-30T22:22:32.542630+06:00,OFFLINE
2025-11-30T22:37:13.108754+06:00,OFFLINE
2025-11-30T22:48:56.302875+06:00,OFFLINE
2025-11-30T23:02:43.838485+06:00,OFFLINE
2025-11-30T23:21:11.855073+06:00,OFFLINE
2025-11-30T23:34:06.955054+06:00,OFFLINE
2025-11-30T23:46:58.943120+06:00,OFFLINE
2025-12-01T00:03:07.164147+06:00,ONLINE
2025-12-01T00:23:07.990832+06:00,ONLINE
2025-12-01T00:39:34.313681+06:00,ONLINE
2025-12-01T00:50:19.625449+06:00,ONLINE
2025-12-01T01:03:01.517164+06:00,ONLINE
2025-12-01T01:21:01.739083+06:00,ONLINE
2025-12-01T01:31:58.552612+06:00,ONLINE
2025-12-01T01:46:32.429458+06:00,ONLINE
2025-12-01T02:03:07.787753+06:00,ERROR
2025-12-01T02:22:22.873344+06:00,ONLINE
2025-12-01T02:35:11.346818+06:00,OFFLINE
2025-12-01T02:47:26.419149+06:00,ONLINE
2025-12-01T03:02:38.044723+06:00,ONLINE
2025-12-01T03:21:27.099424+06:00,ONLINE
2025-12-01T03:32:31.927670+06:00,ONLINE
2025-12-01T03:46:47.669656+06:00,ERROR
2025-12-01T04:02:43.052145+06:00,ONLINE
2025-12-01T04:21:48.556905+06:00,ONLINE
2025-12-01T04:35:16.992068+06:00,ONLINE
2025-12-01T04:47:14.129534+06:00,ONLINE
2025-12-01T05:02:49.615167+06:00,ONLINE
2025-12-01T05:22:00.896972+06:00,ONLINE
2025-12-01T05:33:08.419092+06:00,ONLINE
2025-12-01T05:46:09.202300+06:00,ONLINE
2025-12-01T06:08:26.597040+06:00,ONLINE
2025-12-01T06:47:56.345128+06:00,ONLINE
2025-12-01T07:31:25.805660+06:00,ONLINE
2025-12-01T08:34:47.201742+06:00,ONLINE
2025-12-01T09:23:18.427457+06:00,ONLINE
2025-12-01T10:00:54.493045+06:00,OFFLINE
2025-12-01T10:36:01.286690+06:00,ONLINE
